id1,id2,weight
0,633,1
0,1862,1
0,2582,1
1,2,1
1,652,1
1,654,1
2,332,1
2,1454,1
2,1666,1
2,1986,1
3,2544,1
4,1016,1
4,1256,1
4,1761,1
4,2175,1
4,2176,1
5,1629,1
5,1659,1
5,2546,1
6,373,1
6,1042,1
6,1416,1
6,1602,1
7,208,1
8,269,1
8,281,1
8,1996,1
9,723,1
9,2614,1
10,476,1
10,2545,1
11,1655,1
11,1839,1
12,1001,1
12,1318,1
12,2661,1
12,2662,1
13,1701,1
13,1810,1
14,158,1
14,2034,1
14,2075,1
14,2077,1
14,2668,1
15,1090,1
15,1093,1
15,1271,1
15,2367,1
16,970,1
16,1632,1
16,2444,1
16,2642,1
17,24,1
17,927,1
17,1315,1
17,1316,1
17,2140,1
18,139,1
18,1560,1
18,1786,1
18,2082,1
18,2145,1
19,1939,1
20,1072,1
20,2269,1
20,2270,1
20,2374,1
20,2375,1
21,1043,1
21,2310,1
22,39,1
22,1234,1
22,1702,1
22,1703,1
22,2238,1
23,2159,1
24,201,1
24,598,1
24,1636,1
24,1701,1
24,2139,1
24,2141,1
25,1301,1
25,1344,1
25,2011,1
25,2317,1
26,99,1
26,122,1
26,123,1
26,2454,1
26,2455,1
27,606,1
27,1810,1
27,2360,1
27,2578,1
28,1687,1
29,963,1
29,2645,1
30,697,1
30,738,1
30,1358,1
30,1416,1
30,2162,1
30,2343,1
31,1594,1
32,279,1
32,518,1
32,1850,1
32,1973,1
33,286,1
33,588,1
33,698,1
33,911,1
33,1051,1
33,2040,1
33,2119,1
33,2120,1
33,2121,1
34,1358,1
35,895,1
35,1296,1
35,1913,1
36,1146,1
36,1505,1
36,1552,1
36,1640,1
36,1781,1
36,2094,1
36,2106,1
36,2107,1
37,60,1
37,1190,1
37,2427,1
38,429,1
38,862,1
38,863,1
38,1160,1
39,1349,1
39,1522,1
39,1532,1
39,1634,1
39,1965,1
39,2357,1
40,507,1
40,866,1
40,1364,1
41,175,1
41,596,1
41,644,1
41,1914,1
42,87,1
42,1372,1
43,152,1
43,963,1
43,1530,1
43,1653,1
43,2399,1
43,2400,1
44,1582,1
44,2624,1
44,2701,1
45,733,1
45,1219,1
45,1986,1
45,2303,1
45,2667,1
45,2668,1
46,1604,1
46,2366,1
47,163,1
47,1579,1
48,598,1
48,714,1
48,1031,1
48,1662,1
48,1666,1
48,2041,1
48,2205,1
48,2206,1
48,2471,1
49,1666,1
49,2034,1
50,1441,1
51,457,1
51,710,1
51,1392,1
51,2213,1
51,2214,1
51,2215,1
52,1139,1
52,1467,1
52,2053,1
52,2172,1
52,2182,1
53,1103,1
53,1358,1
53,1739,1
54,401,1
54,767,1
55,60,1
55,210,1
55,323,1
55,651,1
55,771,1
55,787,1
55,815,1
55,1079,1
55,1156,1
55,1983,1
55,2020,1
55,2021,1
56,412,1
56,447,1
56,1616,1
56,1849,1
57,2418,1
58,1715,1
59,105,1
59,580,1
59,609,1
59,615,1
59,1067,1
59,1287,1
59,1358,1
59,1627,1
59,1725,1
59,2651,1
60,1527,1
61,1080,1
61,1309,1
61,1416,1
61,2162,1
61,2312,1
62,485,1
63,1322,1
64,1209,1
64,1737,1
64,2616,1
65,239,1
65,543,1
65,619,1
65,771,1
65,1156,1
65,1293,1
65,1628,1
65,2021,1
65,2418,1
65,2419,1
66,2631,1
67,282,1
67,540,1
67,2628,1
68,391,1
68,1358,1
68,1986,1
69,604,1
69,1013,1
69,1351,1
69,1914,1
69,1920,1
69,1926,1
69,2189,1
70,441,1
70,2184,1
71,206,1
71,1986,1
71,2691,1
72,1103,1
72,1358,1
73,449,1
73,558,1
73,797,1
73,876,1
73,1035,1
73,1136,1
73,1189,1
73,1214,1
73,1358,1
73,1723,1
73,1745,1
73,1751,1
74,544,1
74,586,1
74,1042,1
74,1118,1
74,1416,1
74,1517,1
74,2052,1
74,2155,1
74,2419,1
75,84,1
75,583,1
75,2222,1
75,2223,1
75,2224,1
75,2225,1
76,88,1
76,2018,1
76,2178,1
77,659,1
77,1803,1
78,1219,1
78,1329,1
78,1418,1
79,603,1
79,2097,1
80,257,1
80,1117,1
80,2049,1
81,347,1
81,423,1
81,527,1
81,2180,1
82,1138,1
82,1634,1
83,1520,1
83,2581,1
84,284,1
84,2223,1
84,2224,1
84,2226,1
85,1065,1
85,2487,1
85,2488,1
86,429,1
86,1336,1
86,2034,1
86,2295,1
87,842,1
87,2164,1
88,130,1
88,162,1
88,300,1
88,415,1
88,498,1
88,696,1
88,737,1
88,743,1
88,815,1
88,841,1
88,851,1
88,1174,1
88,1288,1
88,1309,1
88,1394,1
88,1494,1
88,1527,1
88,1658,1
88,1677,1
88,1713,1
88,1732,1
88,1741,1
88,1847,1
88,1882,1
88,1908,1
88,2010,1
88,2011,1
88,2012,1
88,2013,1
88,2014,1
88,2015,1
88,2016,1
88,2017,1
88,2178,1
88,2394,1
89,258,1
89,884,1
89,1087,1
89,1094,1
89,1157,1
89,1401,1
89,1530,1
89,1585,1
89,1653,1
89,2463,1
90,155,1
90,156,1
90,817,1
90,1358,1
91,330,1
91,1046,1
91,2001,1
91,2122,1
91,2123,1
91,2380,1
92,898,1
92,1836,1
93,550,1
93,950,1
93,1495,1
93,2151,1
94,195,1
94,586,1
94,675,1
94,733,1
94,934,1
94,1649,1
94,1966,1
94,2263,1
94,2355,1
94,2357,1
94,2490,1
95,334,1
95,456,1
95,693,1
95,734,1
95,736,1
95,861,1
95,1303,1
95,1535,1
95,1580,1
95,1602,1
95,1628,1
95,1838,1
95,2054,1
95,2074,1
95,2181,1
95,2182,1
95,2183,1
95,2197,1
95,2199,1
95,2200,1
95,2201,1
96,2217,1
97,661,1
97,1353,1
98,1521,1
99,122,1
99,123,1
99,2454,1
99,2455,1
99,2604,1
100,1602,1
100,2056,1
101,281,1
101,1358,1
101,1589,1
102,109,1
102,1251,1
102,1448,1
102,1561,1
102,1623,1
102,1871,1
102,1878,1
102,2256,1
103,139,1
103,306,1
103,484,1
103,608,1
103,1775,1
103,1790,1
104,401,1
104,864,1
104,1065,1
104,2210,1
105,1721,1
105,2476,1
105,2651,1
106,2461,1
107,541,1
107,971,1
107,1113,1
107,1650,1
108,1647,1
108,2157,1
108,2209,1
109,124,1
109,133,1
109,153,1
109,176,1
109,236,1
109,289,1
109,306,1
109,318,1
109,426,1
109,459,1
109,519,1
109,563,1
109,610,1
109,1045,1
109,1337,1
109,1346,1
109,1624,1
109,1661,1
109,1769,1
109,1772,1
109,1779,1
109,1785,1
109,1787,1
109,1789,1
109,1805,1
109,1998,1
109,2045,1
109,2092,1
109,2093,1
109,2094,1
109,2095,1
110,567,1
110,1161,1
110,1262,1
110,1599,1
110,2279,1
111,758,1
111,1169,1
111,1358,1
111,1762,1
111,2492,1
111,2643,1
112,306,1
112,487,1
112,1623,1
112,2080,1
113,540,1
113,747,1
113,1884,1
114,610,1
114,2288,1
114,2506,1
115,973,1
116,1076,1
116,1501,1
117,259,1
117,2537,1
118,255,1
118,388,1
118,446,1
118,454,1
118,554,1
118,581,1
118,842,1
118,1029,1
118,1343,1
118,1507,1
118,1538,1
118,1616,1
118,1690,1
118,1851,1
118,2010,1
118,2030,1
118,2112,1
118,2165,1
118,2166,1
119,379,1
119,646,1
119,1537,1
119,1549,1
119,1901,1
119,1959,1
120,483,1
120,514,1
120,816,1
120,1842,1
120,2405,1
121,589,1
121,802,1
121,980,1
121,1158,1
121,1910,1
121,2251,1
121,2252,1
122,2454,1
122,2455,1
123,2455,1
123,2604,1
124,306,1
124,1367,1
124,1622,1
124,2478,1
125,458,1
125,2363,1
126,236,1
126,306,1
126,1551,1
126,1623,1
126,2045,1
126,2079,1
127,2604,1
128,233,1
128,370,1
128,392,1
128,2270,1
129,441,1
129,701,1
130,1982,1
130,2017,1
131,834,1
131,2169,1
132,379,1
132,479,1
132,904,1
132,1022,1
132,1959,1
133,399,1
133,452,1
133,1623,1
133,1670,1
133,1777,1
133,1784,1
133,2045,1
133,2082,1
134,406,1
135,137,1
135,2095,1
135,2144,1
136,831,1
137,2144,1
137,2329,1
137,2504,1
138,236,1
138,306,1
138,1776,1
139,306,1
139,660,1
139,910,1
139,1623,1
139,1780,1
139,2045,1
140,582,1
140,623,1
141,740,1
141,1002,1
141,2034,1
142,456,1
142,525,1
142,1628,1
142,2049,1
142,2181,1
143,316,1
143,598,1
143,1701,1
144,145,1
144,213,1
144,1593,1
144,2192,1
145,213,1
145,537,1
145,1165,1
145,1593,1
145,2622,1
146,897,1
146,1468,1
146,1907,1
146,1927,1
146,2059,1
147,1519,1
147,1976,1
148,378,1
148,381,1
148,602,1
148,714,1
148,2518,1
149,1080,1
149,1416,1
149,1655,1
149,2025,1
150,310,1
150,914,1
150,1942,1
151,1986,1
151,2236,1
151,2238,1
151,2335,1
152,884,1
152,2238,1
152,2240,1
153,236,1
153,306,1
153,459,1
153,1623,1
153,2045,1
154,326,1
154,364,1
154,819,1
154,1238,1
154,1339,1
154,1358,1
154,1444,1
154,1568,1
154,1752,1
154,1753,1
154,1754,1
154,2525,1
155,156,1
155,817,1
155,1358,1
155,1689,1
155,1736,1
155,1763,1
156,817,1
156,1358,1
156,1689,1
156,1763,1
157,598,1
157,1701,1
157,1870,1
157,2493,1
158,180,1
158,1701,1
158,2034,1
159,180,1
159,2308,1
160,277,1
160,553,1
160,743,1
160,745,1
160,1986,1
160,2000,1
160,2009,1
161,842,1
161,2010,1
162,323,1
162,1174,1
162,1268,1
162,1667,1
164,210,1
164,211,1
165,598,1
165,1473,1
165,2706,1
165,2707,1
166,271,1
166,2617,1
167,168,1
167,1056,1
167,2437,1
167,2482,1
168,2437,1
168,2438,1
169,1994,1
169,2706,1
170,1067,1
170,1358,1
171,775,1
171,790,1
171,1548,1
172,240,1
172,512,1
172,756,1
172,1692,1
172,2187,1
173,687,1
173,1033,1
173,1358,1
173,1586,1
174,629,1
174,1358,1
174,1742,1
174,2334,1
175,596,1
175,955,1
175,1914,1
175,2135,1
175,2217,1
175,2388,1
176,231,1
176,973,1
177,726,1
177,1639,1
177,2679,1
177,2682,1
178,833,1
179,197,1
179,231,1
179,1986,1
180,775,1
180,790,1
180,791,1
180,1020,1
180,1807,1
180,2004,1
180,2037,1
180,2076,1
181,1013,1
181,1359,1
181,1464,1
181,1683,1
182,183,1
182,997,1
183,997,1
183,1837,1
184,520,1
185,297,1
185,2003,1
186,1228,1
186,1319,1
186,1536,1
186,1672,1
186,2580,1
186,2702,1
187,1208,1
188,1169,1
188,1727,1
189,564,1
189,1072,1
189,1262,1
189,1509,1
190,491,1
190,2135,1
191,382,1
191,608,1
191,1677,1
191,1791,1
191,1998,1
191,2385,1
192,2472,1
193,441,1
193,458,1
194,473,1
194,1050,1
194,1451,1
194,2564,1
194,2646,1
195,2424,1
196,429,1
196,442,1
196,2122,1
197,231,1
197,2412,1
198,1255,1
199,420,1
199,1869,1
200,1439,1
200,2676,1
201,297,1
201,570,1
201,598,1
201,1701,1
201,1986,1
201,2430,1
202,353,1
202,1173,1
202,1250,1
202,1345,1
203,854,1
203,857,1
203,963,1
203,1115,1
203,1869,1
204,415,1
205,1701,1
205,1869,1
206,2691,1
207,833,1
209,2681,1
210,1079,1
210,1614,1
210,1626,1
210,1671,1
210,1905,1
210,1906,1
210,1907,1
210,2309,1
211,356,1
211,1394,1
211,1908,1
211,1909,1
212,1290,1
213,1593,1
213,2192,1
214,2194,1
215,1701,1
215,1986,1
215,2045,1
216,1542,1
216,1701,1
217,243,1
217,2473,1
217,2474,1
218,482,1
218,733,1
218,781,1
218,792,1
218,1020,1
218,1348,1
218,1382,1
218,2076,1
218,2091,1
218,2119,1
218,2594,1
219,507,1
219,1413,1
219,1542,1
220,376,1
220,817,1
220,913,1
221,817,1
222,821,1
223,744,1
223,1154,1
223,1761,1
224,1810,1
224,2034,1
225,2255,1
226,1701,1
227,534,1
227,883,1
228,322,1
228,848,1
228,1358,1
228,1721,1
228,1871,1
229,1053,1
229,1405,1
229,1894,1
229,2118,1
230,549,1
230,577,1
230,1095,1
230,1217,1
230,1810,1
231,232,1
231,387,1
231,551,1
231,1701,1
231,1868,1
231,2217,1
232,869,1
232,1701,1
232,1864,1
232,1986,1
234,610,1
234,2591,1
235,1701,1
236,306,1
236,1072,1
236,1572,1
236,2045,1
236,2046,1
236,2078,1
236,2079,1
237,2539,1
238,1828,1
239,619,1
239,887,1
239,910,1
239,1069,1
239,1220,1
239,1274,1
239,1376,1
239,1759,1
239,1909,1
239,2021,1
239,2182,1
239,2418,1
240,512,1
240,756,1
240,1472,1
240,1692,1
241,1441,1
242,279,1
242,838,1
242,1131,1
242,2280,1
243,473,1
243,2474,1
243,2647,1
243,2648,1
244,565,1
244,1072,1
244,1358,1
244,1610,1
245,782,1
245,1162,1
246,936,1
246,1358,1
246,1687,1
246,2515,1
247,2583,1
248,1264,1
248,1531,1
248,1964,1
249,621,1
249,1884,1
249,1978,1
250,2429,1
251,253,1
251,507,1
251,812,1
251,1300,1
251,1413,1
251,1542,1
251,1933,1
252,711,1
252,973,1
252,1973,1
252,2485,1
253,507,1
253,1413,1
254,507,1
254,1211,1
255,1266,1
255,1343,1
255,2112,1
256,756,1
257,964,1
257,1388,1
257,2180,1
258,963,1
258,1094,1
258,1153,1
258,1240,1
258,1401,1
258,2645,1
259,2537,1
260,365,1
261,873,1
261,1479,1
261,1701,1
261,1894,1
262,1351,1
262,1464,1
263,364,1
263,732,1
263,1103,1
264,472,1
264,844,1
264,1826,1
264,1902,1
265,1441,1
266,578,1
266,809,1
266,2227,1
266,2229,1
267,670,1
267,2000,1
267,2373,1
268,1740,1
268,2451,1
269,321,1
269,418,1
269,2543,1
269,2551,1
270,279,1
270,838,1
270,1195,1
270,1215,1
270,2280,1
271,638,1
271,1970,1
271,2387,1
271,2498,1
272,2012,1
273,374,1
273,846,1
274,748,1
274,749,1
275,805,1
275,1967,1
276,1463,1
276,1695,1
276,2133,1
277,553,1
277,696,1
277,973,1
277,1869,1
278,1185,1
279,304,1
279,502,1
279,666,1
279,838,1
279,1195,1
279,2165,1
279,2280,1
279,2344,1
279,2423,1
280,1535,1
280,2155,1
281,746,1
281,1000,1
281,1347,1
281,1382,1
281,2244,1
281,2247,1
282,747,1
283,1559,1
283,2250,1
284,583,1
284,2222,1
284,2223,1
284,2224,1
284,2225,1
284,2226,1
285,502,1
285,1999,1
286,442,1
286,698,1
287,2705,1
288,618,1
289,1358,1
289,1722,1
290,328,1
290,567,1
290,687,1
290,1765,1
290,2359,1
291,1692,1
292,2562,1
293,2038,1
294,306,1
294,2047,1
295,1176,1
295,1177,1
296,732,1
296,2685,1
297,598,1
297,899,1
297,1542,1
298,607,1
298,1095,1
298,1325,1
299,1484,1
299,2383,1
299,2386,1
299,2387,1
299,2498,1
300,415,1
300,634,1
301,1169,1
301,2492,1
302,306,1
302,350,1
302,719,1
302,1158,1
302,1253,1
303,719,1
303,1670,1
303,2143,1
304,1172,1
304,1857,1
304,2423,1
305,1416,1
305,1927,1
306,308,1
306,329,1
306,350,1
306,417,1
306,426,1
306,452,1
306,476,1
306,487,1
306,519,1
306,542,1
306,554,1
306,573,1
306,581,1
306,608,1
306,655,1
306,656,1
306,719,1
306,887,1
306,910,1
306,958,1
306,973,1
306,1009,1
306,1045,1
306,1072,1
306,1158,1
306,1193,1
306,1245,1
306,1251,1
306,1346,1
306,1367,1
306,1483,1
306,1490,1
306,1551,1
306,1572,1
306,1584,1
306,1640,1
306,1651,1
306,1656,1
306,1705,1
306,1770,1
306,1771,1
306,1772,1
306,1775,1
306,1779,1
306,1781,1
306,1782,1
306,1787,1
306,1797,1
306,1798,1
306,1799,1
306,1802,1
306,1804,1
306,1805,1
306,1856,1
306,2045,1
306,2046,1
306,2048,1
306,2078,1
306,2080,1
306,2084,1
306,2085,1
306,2086,1
306,2087,1
306,2088,1
306,2089,1
306,2090,1
306,2091,1
307,991,1
308,350,1
308,1253,1
308,1670,1
308,2045,1
309,383,1
309,2268,1
309,2305,1
310,352,1
310,875,1
310,892,1
310,990,1
310,1241,1
310,1272,1
310,1331,1
310,1581,1
310,1815,1
310,1944,1
310,1945,1
310,1946,1
310,1947,1
310,1948,1
310,1949,1
310,1950,1
311,343,1
311,690,1
311,1132,1
311,1865,1
312,1610,1
312,1722,1
312,1740,1
313,2296,1
314,1623,1
314,2000,1
315,408,1
315,423,1
315,1602,1
315,1921,1
315,2232,1
316,598,1
316,766,1
316,845,1
316,920,1
316,1073,1
316,1297,1
316,1821,1
316,1868,1
316,2004,1
317,1624,1
317,1785,1
318,563,1
318,1701,1
318,2045,1
319,1205,1
320,348,1
320,1597,1
321,1083,1
321,1450,1
323,498,1
323,2020,1
323,2022,1
324,827,1
324,2156,1
324,2194,1
325,787,1
325,1848,1
326,1358,1
326,1754,1
327,928,1
327,1325,1
327,1996,1
327,2063,1
327,2064,1
328,951,1
328,1250,1
329,1798,1
329,2598,1
330,1505,1
330,2123,1
331,1527,1
331,2480,1
332,665,1
332,2003,1
332,2122,1
332,2615,1
333,1358,1
333,1694,1
334,693,1
334,1013,1
335,1701,1
335,1986,1
336,1944,1
336,1950,1
337,1214,1
337,1358,1
337,1499,1
337,1776,1
338,1413,1
338,1542,1
338,1934,1
339,813,1
340,584,1
340,2463,1
341,613,1
341,1358,1
341,1389,1
341,1546,1
341,2045,1
342,1072,1
342,1512,1
343,1701,1
344,389,1
344,441,1
344,661,1
344,854,1
344,2323,1
345,833,1
346,999,1
346,1358,1
347,408,1
347,423,1
347,525,1
348,1643,1
348,2248,1
348,2250,1
349,419,1
349,465,1
349,2427,1
350,406,1
350,656,1
350,1623,1
350,1640,1
350,1775,1
350,1778,1
350,1782,1
350,2084,1
350,2085,1
350,2089,1
350,2090,1
351,1810,1
352,1294,1
352,1944,1
353,1173,1
353,1345,1
353,2507,1
354,659,1
354,1803,1
354,2453,1
355,1668,1
356,498,1
356,1259,1
356,2018,1
356,2116,1
357,657,1
357,1154,1
357,1358,1
357,2652,1
358,2642,1
359,389,1
359,1483,1
359,1620,1
360,1409,1
360,1824,1
361,2681,1
362,1966,1
363,1003,1
364,732,1
364,819,1
364,970,1
364,1306,1
364,1358,1
364,1606,1
364,1632,1
364,1756,1
364,2642,1
365,2469,1
366,553,1
366,745,1
366,1583,1
366,1986,1
367,2083,1
367,2451,1
368,428,1
368,996,1
368,1194,1
368,1366,1
368,1545,1
368,2249,1
368,2393,1
369,385,1
369,2484,1
370,1408,1
370,1414,1
370,1415,1
370,2269,1
371,720,1
371,1354,1
371,1414,1
371,1415,1
371,1441,1
371,1553,1
371,2375,1
372,626,1
372,1710,1
372,1834,1
372,2377,1
373,1025,1
373,1042,1
374,413,1
374,846,1
374,1101,1
374,2146,1
374,2147,1
374,2149,1
375,963,1
375,2401,1
375,2434,1
375,2435,1
376,672,1
376,1583,1
377,678,1
377,733,1
377,1265,1
377,2291,1
378,602,1
379,904,1
379,1022,1
379,1898,1
379,1959,1
380,477,1
380,930,1
380,2569,1
381,2518,1
381,2538,1
382,1203,1
382,2034,1
383,733,1
383,1704,1
383,2268,1
384,1623,1
384,1624,1
385,2483,1
385,2484,1
386,2114,1
386,2115,1
386,2117,1
387,519,1
387,2191,1
388,1899,1
388,2497,1
389,704,1
389,905,1
389,1077,1
389,1483,1
389,1743,1
389,2450,1
390,1108,1
391,493,1
391,1986,1
391,2365,1
392,720,1
392,1415,1
392,1619,1
392,1825,1
392,2269,1
393,739,1
394,577,1
394,849,1
394,1063,1
394,1064,1
394,2351,1
395,640,1
395,1147,1
395,2367,1
396,1217,1
396,1988,1
397,665,1
397,879,1
397,1096,1
397,2329,1
398,730,1
398,2177,1
399,544,1
399,1089,1
399,1769,1
399,2107,1
400,1354,1
401,733,1
401,1065,1
401,1096,1
401,1160,1
402,507,1
402,776,1
402,1413,1
402,1542,1
402,1932,1
402,1936,1
402,1940,1
403,464,1
403,806,1
403,1037,1
403,1383,1
403,1742,1
403,2503,1
403,2654,1
404,1170,1
404,1476,1
405,738,1
405,1275,1
405,1927,1
405,2059,1
406,505,1
406,2505,1
407,409,1
407,695,1
407,1681,1
407,1682,1
408,525,1
408,734,1
408,1841,1
408,2056,1
409,1624,1
409,1681,1
409,2084,1
410,676,1
410,1179,1
411,1096,1
411,1488,1
411,1577,1
411,2609,1
412,1616,1
412,1849,1
414,711,1
415,525,1
415,593,1
415,737,1
415,818,1
415,851,1
415,966,1
415,1174,1
415,1309,1
415,1527,1
415,1644,1
415,1677,1
415,1843,1
415,1847,1
415,1850,1
415,1908,1
415,2014,1
415,2178,1
415,2182,1
416,519,1
416,1701,1
417,1072,1
417,1871,1
417,2034,1
417,2494,1
420,1869,1
421,2213,1
421,2216,1
422,545,1
423,525,1
423,527,1
424,436,1
424,1203,1
425,2466,1
426,487,1
426,1772,1
426,1777,1
426,1782,1
426,1789,1
426,1805,1
427,565,1
427,1528,1
428,996,1
428,1257,1
428,2248,1
428,2671,1
429,523,1
429,705,1
429,794,1
429,863,1
429,1493,1
429,1618,1
429,1669,1
429,1807,1
429,1889,1
429,2001,1
429,2041,1
429,2043,1
429,2044,1
430,2130,1
431,2694,1
431,2695,1
432,1442,1
432,1597,1
433,436,1
433,756,1
434,1117,1
434,1524,1
434,1693,1
434,2133,1
434,2408,1
435,486,1
435,733,1
435,1912,1
436,483,1
436,498,1
436,668,1
436,816,1
436,878,1
436,885,1
436,1039,1
436,1131,1
436,1332,1
436,1494,1
436,1977,1
436,1978,1
436,1979,1
436,1980,1
436,1981,1
436,1982,1
437,498,1
437,718,1
437,950,1
437,1495,1
437,1985,1
438,718,1
438,787,1
438,1667,1
438,1983,1
438,1984,1
438,1985,1
439,1169,1
439,1642,1
440,441,1
440,725,1
440,895,1
440,1296,1
440,1913,1
440,2179,1
441,454,1
441,671,1
441,1455,1
441,1537,1
441,2094,1
441,2184,1
442,588,1
442,627,1
442,698,1
442,1051,1
442,2120,1
442,2362,1
443,1010,1
443,1264,1
443,1531,1
443,1966,1
444,488,1
444,515,1
444,582,1
444,623,1
444,828,1
444,2289,1
444,2290,1
444,2464,1
445,909,1
445,1434,1
446,903,1
446,1507,1
447,1616,1
447,1849,1
447,2638,1
448,472,1
448,1824,1
448,1826,1
448,1902,1
449,1280,1
449,1834,1
449,2581,1
450,1569,1
450,2538,1
451,671,1
451,935,1
451,2285,1
452,1258,1
452,1623,1
453,1806,1
453,2305,1
453,2306,1
454,581,1
454,973,1
454,1441,1
454,1661,1
454,1917,1
454,2022,1
454,2188,1
454,2189,1
454,2190,1
455,1664,1
455,2147,1
455,2486,1
456,525,1
456,544,1
456,667,1
456,1580,1
456,2054,1
456,2199,1
456,2347,1
456,2472,1
457,1201,1
457,2215,1
457,2216,1
458,1122,1
458,1276,1
458,1555,1
458,1953,1
459,1623,1
459,1681,1
460,1986,1
460,1989,1
460,2532,1
461,1203,1
461,2309,1
462,1048,1
463,1702,1
463,1703,1
463,1964,1
463,1966,1
464,1758,1
464,2444,1
464,2445,1
465,896,1
465,1403,1
465,1869,1
465,2304,1
466,970,1
466,1305,1
466,1358,1
466,1738,1
466,2546,1
467,1172,1
467,1701,1
467,1708,1
468,647,1
468,1311,1
468,1313,1
469,620,1
469,2304,1
469,2412,1
470,652,1
470,854,1
470,857,1
470,1097,1
470,1115,1
471,1013,1
471,2013,1
471,2394,1
472,559,1
472,844,1
472,1182,1
472,1183,1
472,1825,1
472,2029,1
473,1575,1
473,2647,1
474,1181,1
475,2219,1
476,1140,1
476,1800,1
476,1986,1
477,930,1
477,2569,1
478,514,1
478,1978,1
478,2024,1
479,1880,1
480,598,1
480,687,1
480,1426,1
480,1710,1
480,2359,1
480,2372,1
481,823,1
481,1287,1
481,1810,1
481,2291,1
482,790,1
482,1807,1
482,1810,1
482,1812,1
482,1814,1
482,2230,1
482,2307,1
482,2308,1
483,816,1
483,2405,1
484,542,1
484,1367,1
484,1699,1
484,1775,1
484,2046,1
484,2081,1
485,839,1
485,1042,1
485,2219,1
486,2077,1
486,2667,1
486,2668,1
487,655,1
487,859,1
487,1705,1
487,1772,1
487,1773,1
487,1782,1
487,1798,1
487,2026,1
487,2080,1
488,2547,1
489,1358,1
489,2390,1
489,2391,1
490,826,1
490,1131,1
490,1309,1
490,1463,1
490,1879,1
490,1973,1
490,1981,1
490,2099,1
490,2105,1
492,688,1
492,956,1
492,1257,1
492,1533,1
492,2538,1
492,2673,1
492,2678,1
493,1244,1
493,1759,1
494,2614,1
495,1327,1
495,1328,1
495,2192,1
496,596,1
496,711,1
496,992,1
497,2419,1
498,1652,1
499,2457,1
499,2458,1
500,2241,1
501,1358,1
501,1765,1
502,1976,1
503,576,1
503,1692,1
503,2001,1
504,1973,1
504,2394,1
504,2396,1
505,573,1
505,843,1
505,1180,1
505,1251,1
505,1258,1
505,1304,1
505,1448,1
505,1560,1
505,1779,1
505,2083,1
506,1013,1
506,1352,1
506,1914,1
506,1918,1
507,812,1
507,1176,1
507,1211,1
507,1300,1
507,1363,1
507,1413,1
507,1931,1
507,1933,1
507,1936,1
507,1940,1
507,1941,1
507,2508,1
508,2325,1
509,1101,1
509,2146,1
509,2148,1
510,1013,1
510,1131,1
510,1171,1
511,549,1
511,1810,1
512,756,1
512,1472,1
512,1692,1
513,565,1
513,657,1
513,1528,1
514,1314,1
514,1882,1
514,1978,1
515,623,1
515,1102,1
515,2464,1
515,2465,1
515,2547,1
516,1882,1
516,2104,1
517,952,1
517,2105,1
518,666,1
518,1373,1
518,2423,1
519,598,1
519,836,1
519,1346,1
519,1574,1
519,1670,1
519,1986,1
519,1998,1
519,2045,1
521,598,1
522,2097,1
523,949,1
523,2406,1
524,552,1
524,979,1
524,1169,1
524,1358,1
524,2476,1
525,1540,1
525,1628,1
525,2054,1
525,2057,1
525,2172,1
525,2180,1
525,2181,1
525,2182,1
525,2183,1
526,565,1
526,1007,1
526,1216,1
526,1742,1
528,803,1
529,1417,1
529,1419,1
529,2260,1
530,1013,1
530,1505,1
530,2094,1
531,606,1
531,2308,1
532,1701,1
532,1863,1
533,1742,1
533,2466,1
534,609,1
534,629,1
534,933,1
535,2392,1
535,2641,1
536,567,1
536,1894,1
537,1165,1
537,1593,1
537,1698,1
537,2192,1
538,1286,1
539,711,1
539,1616,1
539,2155,1
540,747,1
540,1441,1
540,2527,1
541,647,1
541,904,1
541,1022,1
541,1360,1
541,1896,1
542,1245,1
542,1623,1
543,984,1
544,1580,1
544,1769,1
544,2052,1
544,2199,1
544,2347,1
546,1608,1
546,2127,1
547,598,1
547,1701,1
548,809,1
548,843,1
548,1523,1
548,1937,1
548,2138,1
549,1497,1
549,1810,1
551,2388,1
552,1169,1
552,1358,1
552,2201,1
553,745,1
553,1127,1
553,1583,1
553,1995,1
553,2009,1
554,685,1
555,1463,1
556,1623,1
556,1805,1
557,1725,1
558,876,1
558,1189,1
558,1706,1
558,2585,1
559,1182,1
559,1579,1
560,774,1
560,2526,1
561,1016,1
562,704,1
562,1483,1
562,1735,1
562,2450,1
563,1337,1
563,1701,1
563,2045,1
564,1262,1
564,2476,1
565,687,1
565,1038,1
565,1361,1
565,1398,1
565,1528,1
565,1610,1
565,1723,1
565,2279,1
566,1907,1
566,1986,1
567,631,1
567,760,1
567,1262,1
567,1513,1
568,1116,1
568,1223,1
568,1810,1
569,1759,1
569,2512,1
570,2430,1
571,696,1
571,1570,1
572,1416,1
572,2025,1
572,2418,1
573,643,1
573,1313,1
573,2407,1
574,576,1
574,1692,1
574,2001,1
575,2283,1
576,665,1
576,1810,1
576,2348,1
577,849,1
577,870,1
577,906,1
577,1063,1
577,1129,1
577,1518,1
577,2351,1
577,2352,1
577,2353,1
577,2354,1
578,1105,1
578,1879,1
578,1974,1
579,994,1
579,1134,1
579,1808,1
580,744,1
580,1358,1
580,1742,1
580,1758,1
580,1765,1
580,2444,1
580,2445,1
581,1616,1
581,1623,1
581,1792,1
582,2548,1
582,2549,1
583,2224,1
583,2225,1
584,623,1
584,2289,1
584,2463,1
584,2464,1
585,2526,1
586,1218,1
586,1224,1
586,2155,1
587,1032,1
588,698,1
588,2383,1
589,980,1
589,1158,1
589,1624,1
590,1441,1
590,1954,1
591,642,1
591,1017,1
591,1078,1
591,1423,1
591,2472,1
592,2669,1
593,1115,1
593,1474,1
594,663,1
594,2195,1
595,1016,1
595,1256,1
595,2176,1
596,644,1
596,992,1
596,1914,1
597,1104,1
597,1628,1
598,637,1
598,766,1
598,845,1
598,869,1
598,968,1
598,1003,1
598,1100,1
598,1107,1
598,1297,1
598,1299,1
598,1301,1
598,1473,1
598,1573,1
598,1636,1
598,1821,1
598,1823,1
598,1864,1
598,1870,1
598,1875,1
598,2138,1
598,2707,1
599,1093,1
599,1271,1
600,2394,1
601,2229,1
603,716,1
603,795,1
603,1248,1
603,1821,1
603,1873,1
603,2045,1
604,1351,1
604,1652,1
604,1914,1
604,2109,1
605,1107,1
605,2534,1
606,1666,1
606,2230,1
606,2360,1
606,2361,1
607,1213,1
607,1664,1
608,1623,1
608,2080,1
609,883,1
609,1041,1
609,1358,1
609,2446,1
609,2447,1
609,2448,1
610,826,1
610,2287,1
610,2288,1
610,2481,1
611,2690,1
612,2235,1
613,1358,1
614,888,1
614,1475,1
614,2470,1
615,2443,1
616,1358,1
616,1739,1
616,2365,1
616,2503,1
617,705,1
617,2034,1
618,938,1
620,923,1
620,2534,1
621,1332,1
621,1978,1
621,2018,1
622,886,1
622,1002,1
622,1951,1
622,1952,1
623,2289,1
623,2464,1
624,1042,1
624,1232,1
625,1024,1
626,1358,1
626,2556,1
626,2558,1
627,2122,1
627,2238,1
627,2335,1
628,1169,1
628,1725,1
628,1764,1
628,2546,1
629,883,1
630,973,1
631,2358,1
632,1430,1
633,1701,1
633,1866,1
634,2227,1
635,2058,1
636,2233,1
637,1641,1
638,783,1
638,808,1
638,893,1
638,924,1
638,1773,1
638,2387,1
639,900,1
640,765,1
640,894,1
640,1090,1
640,1598,1
640,2420,1
641,2704,1
642,2472,1
643,1167,1
643,1538,1
643,2407,1
644,711,1
644,728,1
644,1258,1
644,2177,1
645,891,1
645,950,1
645,1267,1
645,1358,1
645,1495,1
645,1824,1
645,1826,1
645,1895,1
645,1898,1
645,1899,1
645,1900,1
645,1901,1
647,904,1
647,1267,1
647,1360,1
648,1441,1
649,1171,1
649,1457,1
650,819,1
650,1250,1
650,1486,1
650,1557,1
650,1685,1
650,1756,1
650,2083,1
651,885,1
651,1667,1
651,1984,1
651,2023,1
651,2024,1
651,2156,1
653,1231,1
655,2080,1
656,2090,1
657,867,1
657,871,1
657,1229,1
657,1254,1
657,1729,1
657,1740,1
657,2440,1
657,2442,1
657,2522,1
657,2523,1
658,2147,1
659,1803,1
660,1623,1
661,807,1
661,830,1
661,935,1
661,1028,1
661,1045,1
661,1353,1
661,1878,1
661,1879,1
661,1880,1
661,1881,1
661,1882,1
661,1883,1
661,1884,1
661,1885,1
662,932,1
663,2195,1
664,1701,1
665,2120,1
665,2122,1
666,1850,1
666,1973,1
667,2364,1
667,2472,1
669,729,1
669,1086,1
669,1124,1
670,2606,1
671,973,1
671,2025,1
672,2456,1
673,1907,1
673,1986,1
674,1907,1
675,2356,1
676,1955,1
676,2235,1
677,954,1
678,733,1
679,1395,1
680,2199,1
681,1171,1
681,1445,1
681,1446,1
681,1986,1
682,973,1
682,1224,1
683,834,1
683,2169,1
684,1282,1
684,1358,1
686,1358,1
686,2366,1
687,1033,1
687,1171,1
687,1358,1
687,1546,1
687,1586,1
687,1610,1
687,1710,1
687,1721,1
687,1725,1
687,2359,1
687,2372,1
688,1257,1
689,1169,1
689,1292,1
689,1317,1
689,1358,1
689,1721,1
691,2034,1
691,2130,1
692,2629,1
693,763,1
693,1851,1
693,2108,1
694,1478,1
694,2516,1
695,948,1
695,1012,1
695,1336,1
695,1681,1
695,1682,1
695,1790,1
695,1998,1
695,2319,1
696,1570,1
697,1080,1
698,1015,1
699,1701,1
699,2045,1
699,2327,1
700,1691,1
701,735,1
701,739,1
701,2062,1
702,777,1
702,779,1
702,822,1
702,993,1
702,1368,1
702,1637,1
702,2069,1
702,2070,1
702,2101,1
703,801,1
703,1961,1
703,2497,1
704,969,1
704,1412,1
704,1483,1
704,1743,1
704,2113,1
704,2450,1
706,805,1
706,963,1
706,1240,1
706,2238,1
706,2645,1
707,763,1
708,836,1
708,1358,1
708,2212,1
708,2216,1
709,1896,1
709,1903,1
710,1392,1
710,2212,1
710,2213,1
711,1285,1
711,2111,1
711,2112,1
711,2113,1
712,850,1
712,1464,1
712,2480,1
713,1044,1
714,1385,1
715,2291,1
716,1810,1
716,1821,1
716,2409,1
717,1907,1
718,1416,1
718,2059,1
718,2261,1
719,1623,1
719,1810,1
720,1441,1
721,1034,1
722,1273,1
722,1567,1
722,1874,1
722,2500,1
722,2501,1
723,2614,1
724,1344,1
724,2394,1
724,2395,1
725,1104,1
725,1137,1
725,1652,1
725,2071,1
726,1533,1
726,2671,1
727,1386,1
727,2570,1
728,1070,1
728,1296,1
728,2388,1
728,2553,1
729,1159,1
729,1221,1
729,1701,1
729,2534,1
731,901,1
731,1279,1
731,2199,1
731,2203,1
732,1756,1
732,2685,1
733,759,1
733,794,1
733,862,1
733,1062,1
733,1160,1
733,1192,1
733,1265,1
733,1294,1
733,1329,1
733,1682,1
733,1817,1
733,1818,1
733,2008,1
733,2011,1
733,2035,1
733,2268,1
733,2291,1
733,2301,1
733,2302,1
733,2303,1
733,2304,1
734,736,1
734,751,1
734,964,1
734,1006,1
734,1388,1
734,1841,1
734,2056,1
734,2197,1
734,2202,1
734,2277,1
735,739,1
735,1237,1
735,1543,1
735,1881,1
735,1958,1
735,2060,1
735,2061,1
735,2062,1
736,751,1
736,964,1
736,1006,1
736,1388,1
736,1631,1
736,1841,1
736,2197,1
736,2202,1
737,1269,1
737,1630,1
737,1974,1
737,2136,1
737,2178,1
738,1080,1
738,1927,1
738,2162,1
739,1237,1
739,1543,1
739,1881,1
739,1958,1
740,1002,1
740,2033,1
741,831,1
741,1011,1
741,1088,1
741,1282,1
741,2093,1
742,1483,1
742,1620,1
742,1743,1
743,745,1
743,1239,1
743,1570,1
743,1986,1
744,1154,1
744,1358,1
745,1127,1
745,1986,1
745,1995,1
745,2009,1
746,1303,1
746,2006,1
747,1538,1
748,1103,1
748,1145,1
748,1169,1
748,1358,1
748,1374,1
748,1550,1
748,1568,1
748,1617,1
748,1732,1
748,2553,1
749,1333,1
749,2155,1
750,1441,1
751,1204,1
751,2198,1
751,2202,1
752,957,1
752,2083,1
752,2451,1
753,1269,1
753,1880,1
754,1358,1
754,1483,1
754,2450,1
755,1277,1
755,1898,1
755,2071,1
756,885,1
756,1469,1
756,1472,1
756,1692,1
756,2186,1
756,2187,1
757,1284,1
757,1358,1
757,2421,1
758,1358,1
758,1762,1
758,2492,1
759,1703,1
760,985,1
760,1426,1
760,1513,1
760,2459,1
760,2460,1
761,1401,1
761,1443,1
762,859,1
762,2448,1
763,1635,1
764,796,1
764,1358,1
764,1606,1
764,1612,1
765,1147,1
765,2367,1
766,845,1
766,1297,1
766,1868,1
767,873,1
767,1701,1
767,2314,1
768,1566,1
768,1723,1
768,1724,1
769,1927,1
770,1894,1
770,2117,1
771,1080,1
771,1156,1
772,908,1
773,1072,1
773,1505,1
775,2075,1
776,1413,1
776,1542,1
778,779,1
778,1224,1
778,1370,1
778,1914,1
778,1919,1
779,1224,1
779,1370,1
779,1592,1
779,1914,1
779,1919,1
779,1973,1
780,2341,1
781,2402,1
783,893,1
783,1061,1
783,1143,1
783,2376,1
784,960,1
784,1701,1
785,1664,1
786,947,1
788,1031,1
788,1952,1
788,2033,1
788,2041,1
788,2205,1
789,1240,1
789,1703,1
790,1548,1
790,1810,1
791,2034,1
791,2130,1
792,1488,1
792,1558,1
792,1986,1
792,2555,1
793,1896,1
793,1902,1
793,1903,1
793,2592,1
794,863,1
794,1160,1
794,1590,1
795,1645,1
795,1810,1
796,1103,1
796,1317,1
796,1358,1
797,800,1
797,1358,1
797,1833,1
797,2359,1
798,1381,1
798,1793,1
798,1794,1
798,1795,1
799,961,1
800,820,1
800,889,1
800,1834,1
801,1470,1
801,1961,1
801,2516,1
802,1307,1
803,2100,1
804,1307,1
805,963,1
805,2236,1
806,1383,1
807,1226,1
807,1955,1
807,1956,1
808,924,1
808,1785,1
808,2383,1
809,1115,1
809,2228,1
809,2229,1
810,1068,1
811,855,1
811,900,1
812,1300,1
812,1413,1
812,1542,1
813,2376,1
814,893,1
814,1158,1
814,2382,1
814,2383,1
815,1174,1
815,1344,1
815,2017,1
815,2018,1
816,1842,1
816,1980,1
816,2282,1
816,2405,1
817,1736,1
817,1763,1
817,2456,1
818,1999,1
819,1358,1
819,1606,1
820,889,1
822,1973,1
823,1169,1
823,1358,1
823,1765,1
823,2221,1
824,1831,1
825,1765,1
826,2287,1
826,2528,1
827,1039,1
827,1921,1
827,1999,1
828,1795,1
828,2464,1
829,1816,1
830,1914,1
830,2100,1
831,1011,1
831,1358,1
831,1638,1
831,1733,1
831,2093,1
832,2600,1
833,1130,1
833,1641,1
833,1678,1
833,2036,1
833,2495,1
833,2595,1
834,876,1
834,2168,1
835,1121,1
835,1134,1
835,1654,1
835,1810,1
836,1013,1
836,1131,1
836,1343,1
836,1572,1
836,2078,1
836,2403,1
837,1422,1
837,2248,1
837,2670,1
838,868,1
838,1131,1
838,2280,1
839,965,1
839,2277,1
840,1903,1
840,2481,1
841,2034,1
842,2016,1
843,2339,1
843,2542,1
844,1902,1
846,2146,1
847,2189,1
847,2422,1
848,985,1
848,1373,1
849,1993,1
849,2351,1
850,1464,1
850,2278,1
851,1309,1
851,2018,1
852,1800,1
853,1169,1
853,1358,1
853,1762,1
854,857,1
854,935,1
854,1097,1
854,1884,1
855,2493,1
856,1390,1
856,2248,1
857,1097,1
857,1246,1
858,2182,1
858,2502,1
859,1030,1
859,1199,1
859,2096,1
860,1427,1
860,1527,1
860,1758,1
861,1397,1
861,2068,1
861,2330,1
863,1160,1
863,1590,1
864,1065,1
864,2210,1
865,2653,1
866,1049,1
867,871,1
867,1229,1
867,1252,1
867,2439,1
867,2440,1
867,2442,1
867,2522,1
867,2523,1
868,988,1
868,1195,1
868,1341,1
868,1526,1
868,1844,1
868,2099,1
868,2276,1
869,1440,1
869,1701,1
869,1864,1
870,1119,1
870,2126,1
871,1229,1
871,2530,1
871,2652,1
872,1340,1
872,1413,1
872,1542,1
873,1358,1
873,1479,1
873,1708,1
873,2313,1
874,1701,1
875,914,1
875,1942,1
875,1945,1
875,1950,1
876,1358,1
876,2168,1
876,2584,1
877,1176,1
877,1177,1
877,1300,1
877,1413,1
877,1542,1
877,1935,1
878,885,1
878,2326,1
879,1558,1
880,973,1
880,1013,1
881,1155,1
881,1199,1
882,1358,1
883,933,1
885,1039,1
885,2024,1
885,2386,1
886,1400,1
887,910,1
887,1623,1
887,1624,1
888,1475,1
888,1556,1
889,1830,1
889,1831,1
889,1832,1
890,1269,1
890,1314,1
891,1674,1
891,2608,1
892,1950,1
893,911,1
893,1051,1
893,2383,1
894,1845,1
894,2367,1
895,1187,1
895,1296,1
895,1913,1
897,1152,1
897,1156,1
897,1410,1
897,1494,1
897,1907,1
897,1983,1
897,2295,1
898,1835,1
898,1836,1
898,2160,1
899,1055,1
899,1858,1
899,1986,1
901,1042,1
901,1279,1
901,2073,1
901,2186,1
901,2199,1
902,1284,1
902,1358,1
902,1604,1
903,2030,1
903,2031,1
904,1312,1
904,1360,1
904,1959,1
905,1282,1
905,1483,1
905,1620,1
906,2351,1
906,2353,1
907,1351,1
907,1916,1
908,1013,1
910,1623,1
910,2085,1
911,1051,1
911,1534,1
911,2376,1
912,2130,1
915,1035,1
915,1740,1
915,2415,1
915,2597,1
916,1026,1
917,2639,1
918,1098,1
918,1542,1
918,2065,1
919,1358,1
920,1893,1
921,1914,1
921,2134,1
921,2293,1
922,1307,1
922,1406,1
924,2383,1
925,1222,1
926,1862,1
927,1316,1
927,2140,1
928,1326,1
928,2063,1
929,1358,1
929,2627,1
930,2569,1
931,1433,1
933,1038,1
934,2356,1
935,973,1
935,1873,1
936,1067,1
936,2515,1
936,2530,1
936,2641,1
937,1180,1
937,1304,1
937,2096,1
938,2027,1
938,2230,1
939,2173,1
940,1829,1
941,2517,1
942,1924,1
942,1952,1
943,1196,1
944,2138,1
945,1072,1
945,1512,1
945,1911,1
945,2388,1
946,1966,1
946,2623,1
948,1395,1
948,1681,1
948,1682,1
951,1358,1
952,2546,1
953,2565,1
953,2566,1
953,2567,1
954,1112,1
955,1482,1
955,1914,1
956,2677,1
957,1154,1
957,1358,1
957,1557,1
957,1685,1
957,1757,1
957,2083,1
957,2167,1
958,1072,1
958,1798,1
959,2529,1
960,1776,1
960,2650,1
961,1728,1
961,2555,1
961,2599,1
962,1062,1
962,1665,1
962,1806,1
962,1807,1
962,1808,1
962,1809,1
962,1810,1
963,1094,1
963,1141,1
963,1157,1
963,1417,1
963,1443,1
963,1703,1
963,1785,1
963,2240,1
963,2399,1
963,2400,1
963,2401,1
963,2434,1
964,965,1
964,1388,1
964,2198,1
965,1693,1
965,2197,1
967,2659,1
968,1603,1
968,1986,1
969,1483,1
969,1735,1
969,1743,1
969,2450,1
970,1358,1
970,2365,1
971,1650,1
972,1000,1
972,2247,1
972,2579,1
972,2580,1
973,1072,1
973,1142,1
973,1583,1
973,2016,1
973,2019,1
973,2153,1
974,1496,1
975,2097,1
976,998,1
976,1431,1
977,1281,1
978,998,1
978,1358,1
979,1303,1
979,1503,1
979,1839,1
979,1957,1
979,2207,1
980,1367,1
980,1623,1
981,1159,1
981,1221,1
982,1091,1
982,1256,1
982,1458,1
982,2175,1
982,2176,1
983,2130,1
984,1068,1
984,2265,1
985,1073,1
985,1149,1
985,1358,1
986,2697,1
987,1175,1
989,1507,1
989,1645,1
989,2285,1
989,2436,1
990,1054,1
990,1542,1
993,2155,1
994,1219,1
994,1329,1
994,2309,1
995,1309,1
995,1912,1
995,2385,1
996,1135,1
996,1257,1
996,2248,1
996,2518,1
997,1837,1
998,1103,1
998,1284,1
998,1431,1
998,2365,1
999,1358,1
1000,1325,1
1000,2543,1
1001,2662,1
1002,1952,1
1002,2033,1
1002,2034,1
1003,1373,1
1003,1687,1
1003,2607,1
1004,1489,1
1004,1810,1
1005,1541,1
1006,1302,1
1007,1154,1
1007,1742,1
1007,2466,1
1008,1416,1
1008,1922,1
1008,2059,1
1008,2575,1
1009,2096,1
1010,1966,1
1012,1336,1
1012,1681,1
1012,1682,1
1012,1797,1
1013,1120,1
1013,1293,1
1013,1403,1
1013,1464,1
1013,1521,1
1013,1583,1
1013,1625,1
1013,1644,1
1013,1661,1
1013,1675,1
1013,1729,1
1013,1840,1
1013,1841,1
1013,1842,1
1013,1843,1
1013,1844,1
1013,1845,1
1013,1846,1
1013,1847,1
1013,1848,1
1013,1849,1
1013,1850,1
1013,1851,1
1013,2045,1
1014,1558,1
1015,1068,1
1015,1143,1
1015,1385,1
1015,1425,1
1015,1452,1
1015,1481,1
1015,1519,1
1015,1618,1
1015,1788,1
1015,1789,1
1015,2262,1
1015,2263,1
1016,1256,1
1016,2176,1
1017,1475,1
1017,2472,1
1018,2378,1
1019,1457,1
1020,2075,1
1020,2077,1
1020,2667,1
1021,2309,1
1022,1168,1
1022,1276,1
1022,1961,1
1022,1962,1
1022,1963,1
1023,1701,1
1023,1986,1
1023,2568,1
1025,1042,1
1026,1303,1
1026,2034,1
1026,2531,1
1027,2394,1
1029,2166,1
1031,1952,1
1033,2168,1
1035,1433,1
1035,1486,1
1035,1740,1
1035,1801,1
1035,1833,1
1036,2562,1
1037,2447,1
1037,2654,1
1038,1358,1
1038,2503,1
1040,1169,1
1040,1317,1
1040,1358,1
1040,1765,1
1041,1243,1
1041,1358,1
1041,1466,1
1041,2390,1
1041,2448,1
1042,1047,1
1042,1118,1
1042,1125,1
1042,1198,1
1042,1481,1
1042,1517,1
1042,1628,1
1042,1925,1
1042,1926,1
1042,2051,1
1042,2052,1
1042,2054,1
1042,2055,1
1042,2073,1
1042,2198,1
1042,2333,1
1043,2309,1
1045,1571,1
1045,1773,1
1046,1510,1
1046,2336,1
1046,2387,1
1046,2587,1
1047,1588,1
1047,2333,1
1049,1432,1
1049,1894,1
1049,2610,1
1050,1081,1
1050,1230,1
1050,1320,1
1050,1342,1
1050,1380,1
1050,1569,1
1050,1634,1
1050,2563,1
1050,2564,1
1051,2122,1
1051,2383,1
1052,1701,1
1053,1405,1
1054,1099,1
1054,1432,1
1054,1577,1
1054,1605,1
1054,1950,1
1055,1577,1
1056,2482,1
1057,2409,1
1058,1195,1
1059,1600,1
1060,1441,1
1061,1196,1
1061,2376,1
1062,1192,1
1062,1810,1
1063,1518,1
1064,2351,1
1064,2352,1
1065,1096,1
1065,1699,1
1065,2211,1
1066,1574,1
1067,1216,1
1067,1830,1
1067,2307,1
1067,2448,1
1070,1072,1
1070,1167,1
1070,1358,1
1070,1470,1
1070,1725,1
1070,1829,1
1071,1135,1
1071,1257,1
1071,2248,1
1071,2671,1
1072,1262,1
1072,1358,1
1072,1478,1
1072,1483,1
1072,1505,1
1072,1725,1
1072,1733,1
1072,1740,1
1072,1784,1
1072,1797,1
1072,1798,1
1072,1799,1
1072,1800,1
1072,1801,1
1072,1802,1
1072,1803,1
1072,1804,1
1072,1805,1
1073,2163,1
1074,1501,1
1074,1675,1
1074,1676,1
1075,1124,1
1075,1701,1
1077,1483,1
1077,2113,1
1077,2450,1
1079,1218,1
1079,1914,1
1080,2162,1
1080,2344,1
1081,2563,1
1082,1534,1
1082,2386,1
1083,1232,1
1083,1450,1
1083,2114,1
1084,1213,1
1085,1421,1
1085,2109,1
1085,2110,1
1085,2394,1
1086,1124,1
1086,2247,1
1086,2579,1
1087,2434,1
1088,1089,1
1089,1552,1
1089,2086,1
1090,1093,1
1090,1147,1
1090,1271,1
1090,1598,1
1090,2367,1
1091,1256,1
1091,2176,1
1092,1106,1
1092,1171,1
1092,2501,1
1093,1271,1
1093,1598,1
1093,2367,1
1094,1369,1
1094,1443,1
1094,1653,1
1095,1325,1
1095,1810,1
1095,1986,1
1095,2613,1
1096,1633,1
1097,1115,1
1097,1869,1
1098,1477,1
1098,2066,1
1098,2067,1
1099,1577,1
1099,1607,1
1100,1701,1
1101,1242,1
1101,2146,1
1101,2148,1
1102,1207,1
1102,2290,1
1102,2464,1
1102,2465,1
1103,1123,1
1103,1284,1
1103,1358,1
1103,1480,1
1103,1520,1
1103,1718,1
1103,1748,1
1103,1760,1
1103,1886,1
1103,1887,1
1103,1888,1
1104,2264,1
1106,1874,1
1106,2501,1
1107,1810,1
1107,2243,1
1107,2379,1
1109,1533,1
1109,2671,1
1109,2674,1
1109,2675,1
1110,1120,1
1110,1224,1
1110,2025,1
1110,2295,1
1111,1119,1
1111,1273,1
1111,2125,1
1111,2126,1
1111,2129,1
1113,1650,1
1114,1717,1
1114,2560,1
1115,1529,1
1115,2276,1
1116,1223,1
1117,1628,1
1117,2499,1
1118,1416,1
1118,2155,1
1119,1235,1
1119,1273,1
1119,1462,1
1119,1663,1
1119,1697,1
1119,2124,1
1119,2125,1
1119,2126,1
1119,2127,1
1119,2128,1
1119,2129,1
1120,1583,1
1120,2025,1
1120,2194,1
1121,1131,1
1121,1410,1
1121,1655,1
1121,1810,1
1121,2136,1
1123,1358,1
1125,2332,1
1126,1823,1
1127,1583,1
1127,1986,1
1128,1441,1
1128,1954,1
1128,2275,1
1129,1518,1
1129,2351,1
1129,2352,1
1129,2353,1
1130,2495,1
1131,1133,1
1131,1215,1
1131,1224,1
1131,1500,1
1131,1538,1
1131,1655,1
1131,1909,1
1131,1930,1
1131,2155,1
1131,2185,1
1131,2280,1
1131,2281,1
1131,2282,1
1131,2283,1
1133,1500,1
1133,1538,1
1133,2185,1
1134,2296,1
1135,1257,1
1135,2248,1
1135,2518,1
1135,2671,1
1135,2678,1
1136,1189,1
1136,2359,1
1136,2554,1
1138,2248,1
1138,2250,1
1139,1628,1
1139,2054,1
1139,2182,1
1141,2294,1
1142,2326,1
1143,1618,1
1143,2155,1
1143,2262,1
1143,2376,1
1144,1245,1
1144,1623,1
1145,1169,1
1145,1358,1
1146,1505,1
1146,1506,1
1146,2254,1
1147,1598,1
1147,1865,1
1147,2367,1
1147,2371,1
1148,1317,1
1148,1747,1
1148,2220,1
1148,2221,1
1149,1358,1
1149,1894,1
1149,1986,1
1150,1243,1
1151,2570,1
1151,2700,1
1152,1927,1
1152,2155,1
1152,2416,1
1153,1401,1
1154,1358,1
1154,1714,1
1154,1715,1
1154,1742,1
1154,2514,1
1154,2515,1
1155,1229,1
1157,2240,1
1157,2463,1
1158,1635,1
1158,2251,1
1158,2252,1
1158,2382,1
1159,2534,1
1160,2268,1
1162,1510,1
1163,1402,1
1163,2132,1
1164,1287,1
1165,1593,1
1166,1986,1
1166,2582,1
1168,1955,1
1169,1358,1
1169,1714,1
1169,1719,1
1169,1720,1
1169,1731,1
1169,1734,1
1169,1737,1
1169,2220,1
1169,2476,1
1169,2492,1
1170,1476,1
1171,1295,1
1171,1355,1
1171,1855,1
1171,1909,1
1171,2359,1
1173,1250,1
1174,1912,1
1174,2394,1
1175,2359,1
1176,1542,1
1176,1935,1
1177,1542,1
1177,1935,1
1178,1529,1
1178,1908,1
1178,1984,1
1178,2350,1
1179,1955,1
1180,1304,1
1182,1183,1
1182,1579,1
1183,1354,1
1183,1579,1
1183,1824,1
1183,1825,1
1184,1190,1
1184,2100,1
1185,1460,1
1185,1992,1
1185,2349,1
1185,2358,1
1185,2589,1
1185,2590,1
1186,2535,1
1186,2574,1
1187,1188,1
1189,1358,1
1189,2359,1
1190,1387,1
1191,1558,1
1191,2241,1
1191,2339,1
1192,1621,1
1193,1705,1
1194,1366,1
1194,2670,1
1196,1367,1
1196,1624,1
1196,2300,1
1197,1791,1
1197,1998,1
1199,1214,1
1199,1566,1
1199,1599,1
1199,1716,1
1200,1502,1
1200,2207,1
1200,2414,1
1201,2214,1
1201,2533,1
1202,1428,1
1202,1510,1
1202,2336,1
1202,2376,1
1202,2524,1
1203,1215,1
1203,1410,1
1203,1842,1
1203,2155,1
1204,1330,1
1204,1602,1
1204,1838,1
1204,1839,1
1205,1358,1
1205,1761,1
1206,1257,1
1206,2671,1
1207,2290,1
1207,2464,1
1209,1358,1
1209,1737,1
1210,1648,1
1212,1701,1
1213,1290,1
1214,1499,1
1214,1716,1
1214,1745,1
1215,1894,1
1216,2446,1
1216,2503,1
1218,1927,1
1218,2116,1
1221,1577,1
1221,1607,1
1221,1949,1
1222,1224,1
1224,1291,1
1224,1341,1
1224,1370,1
1224,1525,1
1224,1526,1
1224,1583,1
1224,1587,1
1224,1660,1
1224,1732,1
1224,1848,1
1224,1851,1
1224,1919,1
1224,1975,1
1224,2151,1
1224,2152,1
1224,2153,1
1224,2154,1
1224,2155,1
1224,2156,1
1225,1450,1
1225,2579,1
1226,1955,1
1226,1956,1
1226,2528,1
1227,1269,1
1228,1536,1
1228,2580,1
1229,1254,1
1229,1308,1
1229,1358,1
1229,1384,1
1229,1506,1
1229,1627,1
1229,1749,1
1229,2439,1
1229,2440,1
1229,2441,1
1229,2442,1
1230,1342,1
1233,2433,1
1234,1702,1
1234,1703,1
1234,1966,1
1235,1462,1
1235,2126,1
1235,2577,1
1236,2479,1
1237,1958,1
1238,1358,1
1239,2027,1
1239,2611,1
1240,1443,1
1240,1702,1
1240,2237,1
1241,1701,1
1241,1950,1
1242,2146,1
1242,2148,1
1243,1358,1
1245,1770,1
1245,2080,1
1247,1679,1
1248,1651,1
1248,2045,1
1249,1483,1
1249,2556,1
1249,2558,1
1250,2507,1
1251,1448,1
1251,1623,1
1252,2656,1
1254,1308,1
1255,2248,1
1256,1761,1
1256,2175,1
1256,2176,1
1257,2248,1
1257,2249,1
1257,2518,1
1257,2538,1
1257,2671,1
1257,2673,1
1257,2677,1
1257,2678,1
1257,2679,1
1259,2342,1
1260,1559,1
1260,2250,1
1261,2130,1
1262,1509,1
1263,1407,1
1264,1531,1
1265,2291,1
1266,1529,1
1266,1984,1
1267,1824,1
1268,1929,1
1268,2309,1
1269,1314,1
1269,1630,1
1269,1880,1
1269,2227,1
1270,1622,1
1270,2034,1
1271,2367,1
1272,1945,1
1272,1947,1
1272,1950,1
1273,2034,1
1273,2124,1
1273,2125,1
1273,2126,1
1273,2129,1
1275,1468,1
1276,1962,1
1278,2268,1
1278,2305,1
1278,2306,1
1279,2186,1
1279,2203,1
1280,2612,1
1281,1358,1
1281,1746,1
1281,1748,1
1282,1283,1
1282,1483,1
1282,1735,1
1282,1776,1
1282,2324,1
1283,1776,1
1283,2324,1
1284,1358,1
1284,1604,1
1284,2450,1
1285,2182,1
1287,1358,1
1288,1309,1
1289,1622,1
1289,1705,1
1290,2258,1
1291,1660,1
1291,2154,1
1292,1317,1
1292,1358,1
1293,2418,1
1295,1987,1
1296,1910,1
1296,1911,1
1296,1912,1
1296,1913,1
1298,2703,1
1299,1701,1
1299,1810,1
1300,1542,1
1300,1933,1
1300,1940,1
1300,1941,1
1300,2508,1
1301,1315,1
1301,1316,1
1301,1542,1
1301,2140,1
1303,2163,1
1305,1358,1
1306,1317,1
1307,1444,1
1307,2536,1
1308,1627,1
1309,1338,1
1309,1625,1
1309,1677,1
1309,1741,1
1309,1882,1
1309,2015,1
1309,2102,1
1309,2103,1
1309,2178,1
1310,2692,1
1311,1312,1
1311,1313,1
1311,2080,1
1312,1313,1
1313,2407,1
1316,1679,1
1317,1719,1
1317,1720,1
1317,1739,1
1317,2220,1
1317,2221,1
1318,2661,1
1318,2662,1
1319,2034,1
1320,1349,1
1320,1491,1
1320,2684,1
1321,2501,1
1322,2265,1
1323,1701,1
1324,2035,1
1324,2265,1
1325,2063,1
1325,2247,1
1326,2063,1
1327,1328,1
1327,2161,1
1328,2160,1
1330,1837,1
1330,2068,1
1331,1576,1
1331,1810,1
1332,2024,1
1333,1973,1
1333,2195,1
1333,2312,1
1334,1542,1
1334,1577,1
1334,1701,1
1334,1941,1
1334,1950,1
1335,1856,1
1335,2087,1
1335,2090,1
1336,1452,1
1336,1797,1
1336,2032,1
1336,2033,1
1336,2034,1
1337,1701,1
1337,2045,1
1338,1912,1
1338,2385,1
1339,1358,1
1339,1753,1
1340,1413,1
1340,1542,1
1340,1943,1
1341,2425,1
1343,1507,1
1343,1645,1
1343,2165,1
1343,2316,1
1344,1928,1
1344,2315,1
1346,1670,1
1347,1997,1
1348,1810,1
1348,2163,1
1348,2605,1
1349,1634,1
1349,2684,1
1350,1443,1
1351,1362,1
1351,1535,1
1351,1592,1
1351,1972,1
1351,2134,1
1351,2282,1
1354,2270,1
1355,1957,1
1356,1613,1
1357,2025,1
1357,2170,1
1358,1384,1
1358,1389,1
1358,1444,1
1358,1471,1
1358,1480,1
1358,1483,1
1358,1492,1
1358,1499,1
1358,1516,1
1358,1546,1
1358,1550,1
1358,1562,1
1358,1565,1
1358,1568,1
1358,1599,1
1358,1604,1
1358,1620,1
1358,1646,1
1358,1708,1
1358,1709,1
1358,1710,1
1358,1711,1
1358,1712,1
1358,1713,1
1358,1714,1
1358,1715,1
1358,1716,1
1358,1717,1
1358,1718,1
1358,1719,1
1358,1720,1
1358,1721,1
1358,1722,1
1358,1723,1
1358,1724,1
1358,1725,1
1358,1726,1
1358,1727,1
1358,1728,1
1358,1729,1
1358,1730,1
1358,1731,1
1358,1732,1
1358,1733,1
1358,1734,1
1358,1735,1
1358,1736,1
1358,1737,1
1358,1738,1
1358,1739,1
1358,1740,1
1358,1741,1
1358,1742,1
1358,1743,1
1358,1744,1
1358,1745,1
1358,1746,1
1358,1747,1
1358,1748,1
1358,1749,1
1358,1750,1
1358,1751,1
1358,1752,1
1358,1753,1
1358,1754,1
1358,1755,1
1358,1756,1
1358,1757,1
1358,1758,1
1358,1759,1
1358,1760,1
1358,1761,1
1358,1762,1
1358,1763,1
1358,1764,1
1358,1765,1
1358,1766,1
1358,2597,1
1359,1464,1
1359,1914,1
1359,2278,1
1359,2480,1
1360,1650,1
1360,1902,1
1360,1904,1
1360,1960,1
1360,2491,1
1361,1528,1
1362,1372,1
1362,1914,1
1363,1413,1
1365,1702,1
1365,1703,1
1365,2509,1
1365,2519,1
1366,2248,1
1367,1584,1
1367,1656,1
1367,1778,1
1367,2080,1
1367,2143,1
1368,1911,1
1368,2553,1
1369,1530,1
1369,1653,1
1370,1525,1
1370,1919,1
1370,1975,1
1370,2274,1
1370,2485,1
1371,1393,1
1375,2586,1
1376,1848,1
1376,2232,1
1377,1840,1
1377,2068,1
1377,2069,1
1377,2070,1
1377,2388,1
1378,1544,1
1378,2058,1
1378,2150,1
1379,1380,1
1379,2564,1
1380,2564,1
1381,1794,1
1382,1502,1
1382,2176,1
1382,2283,1
1385,2335,1
1386,2570,1
1386,2571,1
1388,2181,1
1388,2197,1
1389,2597,1
1390,2681,1
1391,1693,1
1392,2212,1
1394,2137,1
1395,2072,1
1395,2189,1
1395,2266,1
1395,2267,1
1396,1399,1
1396,1421,1
1396,2109,1
1396,2228,1
1396,2394,1
1396,2395,1
1398,1528,1
1399,1501,1
1399,2227,1
1399,2309,1
1399,2394,1
1400,2698,1
1401,1585,1
1402,1482,1
1402,1616,1
1402,1919,1
1402,1972,1
1403,2317,1
1404,2375,1
1405,1508,1
1405,1894,1
1406,2387,1
1408,1553,1
1408,1826,1
1408,1828,1
1408,1829,1
1409,1553,1
1409,1826,1
1409,1827,1
1409,1828,1
1410,1655,1
1411,2218,1
1412,1483,1
1412,1735,1
1412,1743,1
1412,2450,1
1413,1542,1
1413,1931,1
1413,1932,1
1413,1933,1
1413,1934,1
1413,1935,1
1413,1936,1
1414,1415,1
1414,2270,1
1415,2269,1
1416,1468,1
1416,1602,1
1416,1921,1
1416,1922,1
1416,1923,1
1416,1924,1
1416,1925,1
1416,1926,1
1417,1452,1
1417,1529,1
1417,1703,1
1417,2260,1
1417,2350,1
1419,2259,1
1419,2260,1
1420,1421,1
1420,2394,1
1420,2396,1
1421,1975,1
1421,2109,1
1421,2110,1
1421,2394,1
1423,1692,1
1424,1621,1
1424,1813,1
1425,1618,1
1426,1751,1
1427,1725,1
1427,1742,1
1427,2446,1
1428,1429,1
1428,1534,1
1428,2336,1
1428,2376,1
1428,2520,1
1428,2524,1
1429,1534,1
1429,2520,1
1430,1718,1
1432,1950,1
1432,2663,1
1433,2359,1
1434,1986,1
1435,1927,1
1435,2059,1
1435,2071,1
1436,2259,1
1437,1688,1
1438,2664,1
1439,2676,1
1440,1701,1
1441,1619,1
1441,1700,1
1441,1707,1
1441,1954,1
1441,1957,1
1441,1958,1
1441,2271,1
1441,2272,1
1441,2273,1
1441,2274,1
1441,2275,1
1442,2462,1
1443,2240,1
1443,2399,1
1443,2645,1
1444,2323,1
1445,1446,1
1447,1928,1
1448,2034,1
1448,2045,1
1449,2681,1
1451,2564,1
1453,1701,1
1453,1986,1
1455,1537,1
1456,1457,1
1459,2080,1
1459,2218,1
1460,2349,1
1460,2358,1
1461,1634,1
1461,2248,1
1462,1611,1
1462,1663,1
1463,1695,1
1463,2131,1
1463,2132,1
1463,2133,1
1464,1482,1
1464,1683,1
1464,1914,1
1465,1488,1
1465,1799,1
1467,2172,1
1469,1498,1
1469,1692,1
1469,2346,1
1469,2349,1
1469,2358,1
1469,2590,1
1470,1555,1
1470,1824,1
1470,1953,1
1470,2553,1
1471,1646,1
1472,1692,1
1472,2187,1
1473,2706,1
1473,2707,1
1474,1908,1
1474,2261,1
1474,2335,1
1475,2469,1
1475,2470,1
1477,1542,1
1477,2066,1
1477,2067,1
1478,1902,1
1479,1701,1
1479,1894,1
1481,1669,1
1481,2332,1
1481,2335,1
1482,1973,1
1482,2132,1
1483,1620,1
1483,1726,1
1483,1735,1
1483,1743,1
1483,2083,1
1483,2113,1
1483,2208,1
1484,2383,1
1484,2498,1
1484,2520,1
1485,1914,1
1486,1745,1
1487,1501,1
1487,1849,1
1487,2017,1
1487,2137,1
1488,2601,1
1490,2085,1
1490,2327,1
1492,1765,1
1497,2034,1
1498,2025,1
1498,2349,1
1498,2590,1
1499,1776,1
1500,1538,1
1500,2185,1
1501,1676,1
1501,2228,1
1501,2395,1
1502,1503,1
1502,2163,1
1503,2241,1
1503,2243,1
1504,1647,1
1504,2209,1
1505,1552,1
1505,1624,1
1505,1699,1
1505,1788,1
1505,1801,1
1505,2086,1
1505,2107,1
1507,1645,1
1507,2436,1
1508,1894,1
1508,2117,1
1510,2387,1
1511,1519,1
1512,2023,1
1512,2145,1
1513,1830,1
1514,1692,1
1515,2182,1
1515,2234,1
1516,2612,1
1519,1534,1
1519,2108,1
1519,2335,1
1519,2640,1
1520,1750,1
1520,1765,1
1522,1697,1
1522,2680,1
1523,2449,1
1524,1693,1
1524,2499,1
1525,1914,1
1525,1973,1
1526,1879,1
1526,1977,1
1526,1981,1
1526,2099,1
1526,2425,1
1527,1668,1
1527,2274,1
1527,2450,1
1529,1908,1
1529,1984,1
1529,2350,1
1530,2240,1
1530,2464,1
1531,1889,1
1532,2648,1
1533,2671,1
1535,1916,1
1535,2155,1
1535,2293,1
1536,2580,1
1536,2702,1
1538,1842,1
1538,2185,1
1539,1914,1
1540,1628,1
1540,2054,1
1542,1577,1
1542,1607,1
1542,1931,1
1542,1935,1
1542,1936,1
1542,1939,1
1542,1940,1
1542,1941,1
1542,1942,1
1542,1943,1
1543,1881,1
1543,2029,1
1545,2248,1
1546,1804,1
1546,2169,1
1547,2169,1
1549,1901,1
1549,2286,1
1550,2083,1
1552,1778,1
1552,2591,1
1553,1827,1
1554,1657,1
1554,2686,1
1554,2687,1
1554,2688,1
1555,1953,1
1555,2363,1
1557,2083,1
1557,2168,1
1558,1986,1
1558,2338,1
1558,2339,1
1558,2340,1
1560,1623,1
1561,1623,1
1562,1765,1
1563,2633,1
1564,1772,1
1564,1786,1
1565,2365,1
1566,1732,1
1566,1895,1
1566,2071,1
1567,1654,1
1567,1874,1
1567,2500,1
1568,1729,1
1569,1966,1
1572,1776,1
1573,2698,1
1574,1986,1
1576,1810,1
1578,2497,1
1579,2029,1
1580,1892,1
1580,2199,1
1580,2200,1
1581,1810,1
1581,1819,1
1583,1995,1
1583,2025,1
1584,1798,1
1585,1653,1
1586,2168,1
1587,2154,1
1588,2055,1
1588,2333,1
1589,1745,1
1589,2596,1
1591,2541,1
1592,1914,1
1592,2071,1
1592,2485,1
1595,2246,1
1596,2476,1
1598,2367,1
1599,2441,1
1599,2460,1
1599,2614,1
1601,1750,1
1602,2054,1
1602,2072,1
1602,2073,1
1602,2074,1
1605,1950,1
1605,2663,1
1608,2124,1
1608,2126,1
1608,2489,1
1609,1790,1
1609,1791,1
1609,1912,1
1610,2556,1
1610,2557,1
1610,2558,1
1611,2124,1
1614,1671,1
1614,2034,1
1615,1665,1
1616,1849,1
1616,2050,1
1618,1789,1
1619,2269,1
1620,2450,1
1622,2425,1
1623,1767,1
1623,1768,1
1623,1769,1
1623,1770,1
1623,1771,1
1623,1772,1
1623,1773,1
1623,1774,1
1623,1775,1
1623,1776,1
1623,1777,1
1623,1778,1
1623,1779,1
1623,1780,1
1623,1781,1
1623,1782,1
1623,1783,1
1623,1784,1
1624,1705,1
1624,1777,1
1624,1778,1
1624,1779,1
1624,1780,1
1624,1785,1
1624,1786,1
1624,1787,1
1624,1788,1
1625,1729,1
1627,1740,1
1628,1635,1
1628,2021,1
1628,2053,1
1628,2054,1
1628,2055,1
1628,2056,1
1628,2057,1
1628,2172,1
1629,1659,1
1629,1711,1
1630,2227,1
1631,2196,1
1632,1756,1
1634,2393,1
1635,2383,1
1636,1701,1
1636,2139,1
1636,2141,1
1637,1973,1
1639,1688,1
1639,2679,1
1641,2495,1
1642,2657,1
1642,2658,1
1647,2160,1
1647,2209,1
1651,2045,1
1652,1848,1
1652,1972,1
1654,1952,1
1654,2034,1
1655,1839,1
1655,1842,1
1655,1894,1
1655,2136,1
1655,2282,1
1655,2295,1
1655,2384,1
1656,1798,1
1657,2686,1
1657,2688,1
1658,2018,1
1660,2154,1
1661,1851,1
1662,1666,1
1662,2381,1
1662,2398,1
1663,2577,1
1664,2147,1
1665,1701,1
1665,2034,1
1666,2381,1
1669,1892,1
1669,2332,1
1671,1929,1
1671,1968,1
1671,2136,1
1671,2137,1
1673,2660,1
1674,1914,1
1674,2608,1
1675,1676,1
1675,1914,1
1676,1914,1
1676,1975,1
1677,1908,1
1678,1746,1
1679,2140,1
1680,2056,1
1680,2576,1
1681,2318,1
1681,2319,1
1681,2320,1
1682,2189,1
1682,2291,1
1682,2319,1
1682,2320,1
1682,2321,1
1683,1973,1
1683,2132,1
1684,2486,1
1684,2513,1
1685,2083,1
1686,2647,1
1687,1721,1
1688,2671,1
1690,2112,1
1692,2186,1
1692,2187,1
1692,2302,1
1692,2345,1
1692,2346,1
1692,2347,1
1692,2348,1
1692,2349,1
1693,2408,1
1695,2133,1
1696,1713,1
1697,1986,1
1697,2253,1
1698,2160,1
1701,1799,1
1701,1820,1
1701,1846,1
1701,1852,1
1701,1853,1
1701,1854,1
1701,1855,1
1701,1856,1
1701,1857,1
1701,1858,1
1701,1859,1
1701,1860,1
1701,1861,1
1701,1862,1
1701,1863,1
1701,1864,1
1701,1865,1
1701,1866,1
1701,1867,1
1701,1868,1
1701,1869,1
1701,1870,1
1701,1871,1
1701,1872,1
1701,1873,1
1701,1874,1
1701,1875,1
1701,1876,1
1701,1877,1
1702,1703,1
1702,1966,1
1702,1970,1
1702,1971,1
1702,2238,1
1703,1906,1
1703,1966,1
1703,1967,1
1703,1968,1
1703,1969,1
1703,1970,1
1703,1971,1
1703,2238,1
1704,1912,1
1704,1986,1
1704,2077,1
1705,2081,1
1705,2322,1
1706,2585,1
1708,1857,1
1708,2313,1
1708,2314,1
1709,1738,1
1709,1739,1
1709,1986,1
1709,2365,1
1710,2444,1
1711,1730,1
1711,1731,1
1711,1765,1
1712,1725,1
1712,2446,1
1713,1898,1
1714,1727,1
1716,2446,1
1717,1731,1
1717,2560,1
1718,2685,1
1719,1765,1
1720,1765,1
1721,1761,1
1721,2476,1
1723,1724,1
1724,2215,1
1724,2216,1
1725,1734,1
1725,1740,1
1725,1745,1
1725,2334,1
1725,2413,1
1725,2596,1
1725,2597,1
1726,2168,1
1728,2257,1
1728,2555,1
1728,2599,1
1731,1755,1
1734,2597,1
1735,1776,1
1735,2324,1
1736,1763,1
1737,1888,1
1737,2616,1
1738,2365,1
1738,2366,1
1739,1750,1
1739,1766,1
1739,1886,1
1739,2221,1
1740,1804,1
1740,2389,1
1740,2390,1
1740,2391,1
1740,2392,1
1741,2593,1
1742,1749,1
1742,1758,1
1742,2307,1
1742,2443,1
1742,2444,1
1742,2445,1
1743,2113,1
1743,2450,1
1744,1765,1
1745,2596,1
1749,2446,1
1750,1765,1
1750,1766,1
1751,2596,1
1752,1754,1
1755,1765,1
1756,2642,1
1757,2451,1
1758,2466,1
1761,2175,1
1765,2492,1
1767,1783,1
1768,1837,1
1768,2325,1
1770,2080,1
1771,1778,1
1772,1782,1
1772,2045,1
1773,1780,1
1773,1789,1
1776,2045,1
1776,2078,1
1776,2324,1
1777,2143,1
1778,2327,1
1779,2318,1
1781,1998,1
1781,2107,1
1782,1798,1
1782,2326,1
1784,2045,1
1784,2096,1
1787,1810,1
1787,2045,1
1787,2143,1
1791,2045,1
1792,2485,1
1794,1795,1
1794,1796,1
1795,1796,1
1795,2299,1
1795,2464,1
1796,2297,1
1797,2088,1
1801,2203,1
1801,2451,1
1802,2079,1
1804,2451,1
1806,1809,1
1807,2034,1
1808,1810,1
1809,1810,1
1810,1811,1
1810,1812,1
1810,1813,1
1810,1814,1
1810,1815,1
1810,1816,1
1810,1817,1
1810,1818,1
1810,1819,1
1810,1820,1
1810,1821,1
1810,1822,1
1810,1823,1
1810,1869,1
1811,1822,1
1812,1986,1
1812,2034,1
1812,2550,1
1815,1950,1
1818,2305,1
1818,2306,1
1819,1948,1
1820,1873,1
1824,1825,1
1824,1826,1
1826,1827,1
1826,1829,1
1827,1828,1
1829,1902,1
1830,2045,1
1833,1834,1
1834,2359,1
1835,2157,1
1835,2160,1
1838,2182,1
1838,2219,1
1839,2424,1
1839,2453,1
1840,2071,1
1841,2056,1
1842,1979,1
1842,1980,1
1842,2281,1
1842,2405,1
1844,2276,1
1846,1867,1
1846,2117,1
1846,2357,1
1848,1909,1
1848,2419,1
1849,1914,1
1851,2485,1
1852,2045,1
1856,2045,1
1856,2096,1
1859,1986,1
1862,2582,1
1867,2117,1
1869,2309,1
1870,1986,1
1873,1986,1
1874,2500,1
1874,2501,1
1875,1986,1
1876,1986,1
1877,2573,1
1878,2256,1
1881,1958,1
1884,1885,1
1884,1958,1
1885,2644,1
1887,1888,1
1889,1890,1
1889,1891,1
1889,1892,1
1889,1893,1
1889,2034,1
1889,2039,1
1889,2130,1
1890,2130,1
1891,2034,1
1891,2130,1
1894,2034,1
1894,2117,1
1894,2118,1
1896,1897,1
1897,1903,1
1899,1902,1
1899,2491,1
1899,2510,1
1900,2608,1
1901,1954,1
1901,2284,1
1901,2286,1
1902,1903,1
1902,1904,1
1903,1960,1
1903,2269,1
1903,2592,1
1904,1960,1
1905,1914,1
1906,1907,1
1906,1964,1
1906,2059,1
1909,2305,1
1911,2553,1
1912,2102,1
1912,2103,1
1912,2404,1
1914,1915,1
1914,1916,1
1914,1917,1
1914,1918,1
1914,1919,1
1914,1920,1
1914,2388,1
1915,2649,1
1917,2457,1
1920,1926,1
1920,2310,1
1920,2422,1
1920,2653,1
1923,1927,1
1924,1927,1
1925,2620,1
1926,2051,1
1926,2052,1
1926,2189,1
1927,1928,1
1927,1929,1
1927,1930,1
1928,2317,1
1928,2475,1
1929,2034,1
1932,1936,1
1937,1938,1
1941,2508,1
1944,1945,1
1944,1946,1
1944,1950,1
1945,1946,1
1945,1947,1
1946,1950,1
1947,1950,1
1948,1950,1
1951,1952,1
1951,2204,1
1951,2206,1
1952,2204,1
1952,2205,1
1952,2206,1
1954,1955,1
1954,1956,1
1954,1957,1
1954,1958,1
1954,2275,1
1955,1956,1
1955,2235,1
1957,2241,1
1957,2630,1
1959,2621,1
1960,2491,1
1962,1963,1
1964,1965,1
1964,1966,1
1966,1971,1
1968,2034,1
1969,2236,1
1969,2238,1
1973,1974,1
1973,1975,1
1973,1976,1
1975,2109,1
1975,2110,1
1979,1980,1
1979,2178,1
1979,2405,1
1980,2405,1
1983,2034,1
1986,1987,1
1986,1988,1
1986,1989,1
1986,1990,1
1986,1991,1
1986,1992,1
1986,1993,1
1986,1994,1
1986,1995,1
1986,1996,1
1986,1997,1
1986,1998,1
1986,1999,1
1986,2000,1
1986,2001,1
1986,2002,1
1986,2003,1
1986,2004,1
1986,2005,1
1986,2006,1
1986,2007,1
1986,2008,1
1986,2009,1
1987,2004,1
1987,2509,1
1991,2325,1
1996,2063,1
1996,2064,1
1997,2412,1
1998,2326,1
2001,2002,1
2001,2003,1
2001,2044,1
2001,2121,1
2001,2123,1
2001,2335,1
2001,2348,1
2001,2378,1
2001,2379,1
2001,2380,1
2001,2381,1
2002,2379,1
2003,2123,1
2006,2477,1
2008,2301,1
2009,2025,1
2010,2016,1
2015,2071,1
2016,2071,1
2017,2467,1
2018,2019,1
2021,2418,1
2022,2190,1
2023,2217,1
2024,2156,1
2024,2178,1
2025,2026,1
2025,2027,1
2025,2028,1
2026,2045,1
2026,2096,1
2027,2360,1
2030,2112,1
2031,2436,1
2034,2035,1
2034,2036,1
2034,2037,1
2034,2038,1
2034,2039,1
2034,2040,1
2034,2041,1
2034,2042,1
2034,2130,1
2039,2042,1
2040,2120,1
2040,2122,1
2043,2406,1
2045,2046,1
2045,2047,1
2045,2048,1
2046,2048,1
2050,2485,1
2051,2364,1
2054,2133,1
2055,2198,1
2056,2311,1
2056,2576,1
2058,2150,1
2065,2066,1
2065,2067,1
2066,2122,1
2069,2070,1
2072,2182,1
2074,2181,1
2074,2277,1
2075,2076,1
2075,2077,1
2075,2091,1
2075,2667,1
2075,2668,1
2076,2077,1
2076,2667,1
2083,2168,1
2085,2089,1
2086,2094,1
2094,2106,1
2095,2145,1
2095,2329,1
2095,2504,1
2097,2098,1
2099,2425,1
2100,2101,1
2102,2385,1
2103,2385,1
2109,2110,1
2112,2436,1
2113,2450,1
2114,2509,1
2114,2519,1
2114,2588,1
2115,2117,1
2115,2519,1
2117,2118,1
2120,2637,1
2121,2122,1
2122,2123,1
2123,2380,1
2124,2125,1
2124,2126,1
2124,2127,1
2125,2126,1
2127,2130,1
2128,2129,1
2130,2249,1
2131,2133,1
2131,2182,1
2133,2182,1
2135,2282,1
2139,2140,1
2139,2141,1
2141,2142,1
2144,2145,1
2144,2329,1
2144,2331,1
2144,2504,1
2146,2147,1
2146,2148,1
2147,2486,1
2151,2423,1
2152,2385,1
2153,2155,1
2155,2293,1
2155,2294,1
2155,2295,1
2157,2158,1
2157,2159,1
2157,2160,1
2159,2160,1
2160,2161,1
2162,2163,1
2164,2217,1
2164,2282,1
2168,2169,1
2170,2171,1
2172,2182,1
2173,2174,1
2175,2176,1
2177,2367,1
2177,2371,1
2180,2182,1
2180,2183,1
2181,2196,1
2181,2197,1
2181,2202,1
2182,2198,1
2182,2231,1
2182,2232,1
2182,2233,1
2186,2199,1
2193,2194,1
2194,2195,1
2199,2200,1
2199,2201,1
2203,2330,1
2203,2511,1
2204,2521,1
2207,2241,1
2211,2356,1
2212,2216,1
2214,2216,1
2215,2216,1
2220,2221,1
2220,2525,1
2221,2507,1
2222,2224,1
2222,2225,1
2223,2224,1
2224,2225,1
2224,2226,1
2227,2228,1
2228,2394,1
2228,2395,1
2230,2296,1
2231,2292,1
2233,2291,1
2236,2237,1
2237,2238,1
2238,2239,1
2238,2240,1
2240,2399,1
2241,2242,1
2242,2539,1
2243,2244,1
2243,2245,1
2243,2246,1
2245,2246,1
2246,2247,1
2247,2509,1
2247,2543,1
2248,2249,1
2249,2518,1
2249,2671,1
2251,2252,1
2259,2335,1
2259,2337,1
2263,2490,1
2266,2267,1
2266,2321,1
2266,2364,1
2268,2291,1
2269,2270,1
2270,2375,1
2279,2466,1
2281,2405,1
2284,2285,1
2285,2286,1
2287,2288,1
2289,2464,1
2290,2464,1
2290,2496,1
2291,2292,1
2297,2298,1
2297,2299,1
2303,2541,1
2304,2385,1
2305,2306,1
2306,2552,1
2308,2559,1
2311,2576,1
2327,2328,1
2329,2330,1
2329,2331,1
2335,2336,1
2336,2524,1
2338,2555,1
2339,2340,1
2343,2344,1
2344,2475,1
2346,2349,1
2349,2358,1
2355,2356,1
2355,2357,1
2356,2357,1
2359,2372,1
2360,2578,1
2367,2368,1
2367,2369,1
2367,2370,1
2367,2371,1
2368,2370,1
2369,2370,1
2382,2383,1
2389,2451,1
2390,2391,1
2390,2451,1
2391,2451,1
2392,2451,1
2394,2395,1
2394,2396,1
2394,2397,1
2398,2493,1
2399,2434,1
2401,2434,1
2401,2435,1
2402,2403,1
2410,2411,1
2413,2414,1
2413,2415,1
2415,2597,1
2416,2417,1
2425,2426,1
2427,2428,1
2431,2432,1
2437,2438,1
2439,2530,1
2439,2652,1
2440,2530,1
2442,2530,1
2442,2614,1
2444,2503,1
2445,2503,1
2446,2447,1
2446,2448,1
2451,2452,1
2452,2685,1
2457,2458,1
2457,2649,1
2459,2689,1
2464,2465,1
2467,2468,1
2471,2493,1
2473,2648,1
2476,2651,1
2483,2484,1
2494,2495,1
2509,2519,1
2514,2515,1
2515,2530,1
2516,2517,1
2518,2538,1
2522,2656,1
2534,2535,1
2539,2540,1
2539,2632,1
2554,2689,1
2555,2599,1
2560,2561,1
2565,2566,1
2565,2567,1
2570,2572,1
2570,2573,1
2594,2680,1
2601,2609,1
2602,2603,1
2615,2696,1
2618,2619,1
2624,2701,1
2625,2626,1
2630,2699,1
2634,2635,1
2634,2636,1
2636,2693,1
2654,2655,1
2665,2666,1
2667,2668,1
2670,2679,1
2671,2672,1
2671,2673,1
2671,2674,1
2671,2675,1
2674,2675,1
2679,2682,1
2681,2683,1
2687,2688,1
2694,2695,1
2706,2707,1
